,n_clusters,inertia
0,2,5.001168446042226
1,3,3.9745841004893925
2,4,3.3350777734690906
3,5,2.730553710254713
4,6,2.57221417559014
5,7,2.4242497595693333
6,8,2.2853455123413413
7,9,2.2568940702089697
8,10,2.319631309123149
9,11,2.032894166582043
10,12,1.9914658227870687
11,13,1.844224187821925
12,14,1.7207889654317603
13,15,1.7054131025367256
14,16,1.641306578562838
15,17,1.54581820153423
16,18,1.5255504034657326
17,19,1.4399069279144399
18,20,1.392460040749017
