,n_clusters,inertia
0,2,5.84139352609399
1,3,3.492558259627068
2,4,2.4817843891930766
3,5,2.1102899045974257
4,6,1.508254636486356
5,7,1.342863554475751
6,8,1.1319221680512914
7,9,1.01607352292531
8,10,1.0086566159233272
9,11,1.0175824717836726
10,12,0.9948263606384017
11,13,0.9582461059518712
12,14,0.7593411884440416
13,15,0.7533236992173656
14,16,0.7376009707799998
15,17,0.7226726054183252
16,18,0.7210831570721337
17,19,0.700723581077354
18,20,0.6964707408755016
