,n_clusters,inertia
0,2,5.110247073122617
1,3,4.02045677243014
2,4,3.3032680999038764
3,5,2.8017483635311793
4,6,2.69331684146728
5,7,2.45639979158709
6,8,2.3721509988687677
7,9,2.2684393981551834
8,10,2.0728041598622204
9,11,2.027739143712443
10,12,1.8988349945207144
11,13,1.9057378639768023
12,14,1.8026688592833235
13,15,1.7294818085482775
14,16,1.6537445192135465
15,17,1.6090582828054174
16,18,1.5529953648630652
17,19,1.4911858243494807
18,20,1.4846487471413925
