,cnum_2.0,cnum_3.0,cnum_4.0,cnum_5.0,cnum_6.0,cnum_7.0,cnum_8.0,cnum_9.0,cnum_10.0,cnum_11.0,cnum_12.0,cnum_13.0,cnum_14.0,cnum_15.0,cnum_16.0,cnum_17.0,cnum_18.0,cnum_19.0,cnum_20.0
gamma_0.1,4.12175186457987,3.4678965132904085,2.99068256844994,2.551173010467013,2.449749257153885,2.159646349751543,2.117124052589683,1.9649974478288592,1.893258665448845,1.817939082119864,1.6609399556066682,1.6079202465298017,1.5527383107846269,1.497184596917632,1.4478831220170574,1.3658633648066718,1.3360488884012427,1.3160891779375092,1.300289048190676
gamma_0.3,5.001168446042226,3.974584100489393,3.33507777346909,2.730553710254713,2.57221417559014,2.4242497595693333,2.2853455123413413,2.2568940702089697,2.319631309123149,2.032894166582043,1.9914658227870687,1.844224187821925,1.7207889654317603,1.7054131025367256,1.641306578562838,1.54581820153423,1.5255504034657326,1.43990692791444,1.392460040749017
gamma_0.5,5.110247073122617,4.02045677243014,3.3032680999038764,2.8017483635311797,2.69331684146728,2.45639979158709,2.372150998868768,2.268439398155184,2.0728041598622204,2.027739143712443,1.8988349945207144,1.9057378639768023,1.8026688592833235,1.7294818085482777,1.6537445192135465,1.6090582828054174,1.5529953648630652,1.4911858243494809,1.4846487471413925
gamma_0.7,5.212871927416031,4.132324078950894,3.74409830942912,2.9468843280614725,2.719067684760383,2.523715511996388,2.3743298806864046,2.273288554417679,2.16965437217975,2.080250042436401,2.0062589629947807,1.950361994436848,1.8558353185134944,1.7416168078110006,1.780213182800208,1.683519895461414,1.656522827174701,1.6057631954166691,1.558222480452396
gamma_0.9,5.353550616032472,4.376014733212786,3.6890317175940712,3.5477913301095034,3.32526425860094,2.7013318759709546,2.4847544745079646,2.455966710415556,2.369604019328039,2.261018106540267,2.2519428619921573,2.042288787446233,1.9626087035024875,1.91922783692606,1.819564224742659,1.6524929179280452,1.861073746594315,1.5938178297243777,1.6002989048550291
gamma_0.0,3.79144004011878,3.1657640022504867,2.735425677907994,2.423977845063386,2.259698235020422,2.132338235848525,1.9893980579932664,1.908539296469959,1.7808384449379973,1.6729145525311522,1.650971123176877,1.5972999963535246,1.497409197642913,1.4420900511526071,1.357390832193684,1.3082916437686791,1.2840887771307157,1.221489141709041,1.1906111024642916
