,cnum_2.0,cnum_3.0,cnum_4.0,cnum_5.0,cnum_6.0,cnum_7.0,cnum_8.0,cnum_9.0,cnum_10.0,cnum_11.0,cnum_12.0,cnum_13.0,cnum_14.0,cnum_15.0,cnum_16.0,cnum_17.0,cnum_18.0,cnum_19.0,cnum_20.0
gamma_0.0,0.3511598663891032,0.3180945847550263,0.3267734015959609,0.2481088460691223,0.2060032656832207,0.2144495368588035,0.2167141214724746,0.1993498946918916,0.2004430819904559,0.1925713755042776,0.176041788658114,0.1779805112301959,0.1781064442176758,0.1739184364462474,0.171268887847067,0.1694860189614604,0.1711427437490817,0.1768558027830952,0.1745524664508606
gamma_0.1,0.4980280446820923,0.4739320708725573,0.2655581867931509,0.3327290110435027,0.2548213797729555,0.2630692667953243,0.2629090663332264,0.2779043378191431,0.2949893481212525,0.2775855681657016,0.280677273767923,0.2645311789691451,0.238030786708468,0.2440473700226083,0.2528383209814503,0.2620969641801187,0.2693866849706762,0.2551391526454086,0.2271490032800382
gamma_0.3,0.5032851995028133,0.458563111625293,0.2881268517641874,0.3466125513919549,0.319681568978685,0.2830612842733757,0.3554557230745515,0.3098858022568829,0.2610897046127831,0.302031050670736,0.3061888268109051,0.2745578735234649,0.3169783995618235,0.2626004923583329,0.2472703404721592,0.2776133271022434,0.2691879363400489,0.2516020066554034,0.2496612354332538
gamma_0.5,0.5032851995028133,0.4717810499160522,0.4483283904214269,0.3524185137045116,0.3079387340723997,0.3259054069241358,0.3001120955493529,0.2848942401723906,0.3101219676890162,0.3107898554644912,0.2949930653314436,0.2786249980606621,0.2769816016267515,0.2791262450505632,0.2776721506279908,0.2650449669310459,0.2496584125877975,0.2571280733917154,0.2647632034205303
gamma_0.7,0.5049210539552531,0.4617799787501617,0.3301387749124194,0.3837295757715545,0.3745543381173827,0.3598195885955175,0.3130420114314485,0.306457271436482,0.2934348101867172,0.2886451490933266,0.296773493211409,0.2952562175257234,0.3061656091773708,0.3119409143015922,0.2812362924657854,0.2900587902941523,0.270309266772465,0.2499078759039951,0.2532166362331581
gamma_0.9,0.5293862819249554,0.4124958160188246,0.323665842653594,0.255581679514374,0.2484730079811342,0.2982352980969515,0.3181525436449084,0.3050398225045151,0.2993920917412349,0.2913393903587283,0.2672760183026441,0.3016762244857937,0.284366741559402,0.2855662947175551,0.2588511655329567,0.3103982365739472,0.233806721653026,0.2935706750222946,0.2694205881437339
