,n_clusters,inertia
0,2,6.241194445770228
1,3,4.144903852680247
2,4,2.6112243887181847
3,5,2.3040964343878976
4,6,1.9369426247693038
5,7,1.3640968126502715
6,8,1.205201706641689
7,9,1.1434176679069237
8,10,1.1190181500026486
9,11,1.101042662081296
10,12,0.9604929702847309
11,13,0.9045150368553777
12,14,0.8994856178258068
13,15,0.767733640881128
14,16,0.7671883670648869
15,17,0.8492175139820829
16,18,0.8462636124510219
17,19,0.8506898044182618
18,20,0.810971321797114
