,n_clusters,inertia
0,2,5.212871927416031
1,3,4.132324078950894
2,4,3.74409830942912
3,5,2.9468843280614725
4,6,2.719067684760383
5,7,2.523715511996388
6,8,2.3743298806864046
7,9,2.273288554417679
8,10,2.16965437217975
9,11,2.0802500424364014
10,12,2.0062589629947807
11,13,1.950361994436848
12,14,1.8558353185134946
13,15,1.7416168078110006
14,16,1.780213182800208
15,17,1.6835198954614141
16,18,1.656522827174701
17,19,1.6057631954166693
18,20,1.5582224804523959
