,n_clusters,inertia
0,2,3.79144004011878
1,3,3.1657640022504867
2,4,2.735425677907994
3,5,2.4239778450633866
4,6,2.259698235020422
5,7,2.1323382358485254
6,8,1.9893980579932664
7,9,1.908539296469959
8,10,1.7808384449379973
9,11,1.6729145525311522
10,12,1.650971123176877
11,13,1.5972999963535246
12,14,1.497409197642913
13,15,1.4420900511526071
14,16,1.357390832193684
15,17,1.3082916437686791
16,18,1.2840887771307155
17,19,1.221489141709041
18,20,1.1906111024642916
