,n_clusters,inertia
0,2,6.4383689230204375
1,3,4.256197041877246
2,4,2.7149629935765205
3,5,2.407875680788048
4,6,1.6760143096726263
5,7,1.576236747268733
6,8,1.2245869094738042
7,9,1.1059208692394968
8,10,1.0816760456439534
9,11,1.0683298094674183
10,12,1.066587118732517
11,13,1.0628247859523812
12,14,1.0646871803196416
13,15,1.050671603246584
14,16,1.0497927612379163
15,17,1.040711481763167
16,18,1.0406357264248793
17,19,1.040272090787664
18,20,1.0394329352104654
