,n_clusters,inertia
0,2,5.3324328844465905
1,3,3.4115092881369913
2,4,2.2430657881873954
3,5,1.9206052086772811
4,6,1.5873845423863429
5,7,1.4209294494442444
6,8,1.193673522352952
7,9,0.9959096436185367
8,10,0.9784857847969411
9,11,0.9636527345026931
10,12,0.8353951618468439
11,13,0.8632514731405734
12,14,0.8607208529444256
13,15,0.8597701828811704
14,16,0.8596365167693996
15,17,0.8503338359235297
16,18,0.801708752289155
17,19,0.8029432945736963
18,20,0.7021977779780387
