,cnum_2.0,cnum_3.0,cnum_4.0,cnum_5.0,cnum_6.0,cnum_7.0,cnum_8.0,cnum_9.0,cnum_10.0,cnum_11.0,cnum_12.0,cnum_13.0,cnum_14.0,cnum_15.0,cnum_16.0,cnum_17.0,cnum_18.0,cnum_19.0,cnum_20.0
gamma_0.1,4.97206947882136,2.857484295334584,1.878619311655367,1.3460487266552112,1.2018605806504927,1.031455989189193,0.9610848786151656,0.8931412083497215,0.8650724272517561,0.7094134253357063,0.678119622273226,0.6621075168941031,0.632683962997635,0.6275518877052946,0.623840060366796,0.5953079412260177,0.5753584961167734,0.5440052759061054,0.5158813672549923
gamma_0.3,5.332432884446591,3.4115092881369917,2.2430657881873954,1.920605208677281,1.5873845423863429,1.4209294494442444,1.193673522352952,0.9959096436185368,0.9784857847969411,0.9636527345026932,0.8353951618468439,0.8632514731405734,0.8607208529444256,0.8597701828811704,0.8596365167693996,0.8503338359235297,0.801708752289155,0.8029432945736963,0.7021977779780387
gamma_0.5,5.84139352609399,3.492558259627068,2.4817843891930766,2.1102899045974257,1.508254636486356,1.342863554475751,1.1319221680512914,1.01607352292531,1.0086566159233272,1.0175824717836726,0.9948263606384016,0.9582461059518712,0.7593411884440416,0.7533236992173656,0.7376009707799998,0.7226726054183252,0.7210831570721337,0.700723581077354,0.6964707408755016
gamma_0.7,6.241194445770228,4.144903852680247,2.6112243887181847,2.3040964343878976,1.936942624769304,1.3640968126502715,1.205201706641689,1.1434176679069237,1.1190181500026486,1.101042662081296,0.9604929702847308,0.9045150368553776,0.8994856178258068,0.767733640881128,0.7671883670648869,0.8492175139820829,0.8462636124510219,0.8506898044182618,0.810971321797114
gamma_0.9,6.4383689230204375,4.256197041877246,2.7149629935765205,2.407875680788048,1.6760143096726263,1.576236747268733,1.2245869094738042,1.1059208692394968,1.0816760456439534,1.0683298094674183,1.066587118732517,1.0628247859523812,1.0646871803196416,1.050671603246584,1.0497927612379163,1.040711481763167,1.0406357264248791,1.040272090787664,1.0394329352104654
