,cnum_2.0,cnum_3.0,cnum_4.0,cnum_5.0,cnum_6.0,cnum_7.0,cnum_8.0,cnum_9.0,cnum_10.0,cnum_11.0,cnum_12.0,cnum_13.0,cnum_14.0,cnum_15.0,cnum_16.0,cnum_17.0,cnum_18.0,cnum_19.0,cnum_20.0
gamma_0.1,0.6298369715381396,0.5582285847145297,0.5568190076256208,0.5402474630693775,0.6143623002131404,0.5969950870596354,0.5573631547750827,0.5596661128046156,0.5396268327501863,0.5332886012605501,0.5016110684261726,0.4969366777139363,0.5220832974776619,0.4872165669922598,0.438408554632004,0.4509891996814227,0.4618601242584254,0.4551036870581869,0.4455067695559889
gamma_0.3,0.6298369715381396,0.5582285847145297,0.5568190076256208,0.5402474630693775,0.6143623002131404,0.5969950870596354,0.5573631547750827,0.5596661128046156,0.5396268327501863,0.5332886012605501,0.5016110684261726,0.4969366777139363,0.5220832974776619,0.4872165669922598,0.438408554632004,0.4509891996814227,0.4618601242584254,0.4551036870581869,0.4455067695559889
gamma_0.5,0.6298369715381396,0.5582285847145297,0.5568190076256208,0.5402474630693775,0.6143623002131404,0.5969950870596354,0.5573631547750827,0.5596661128046156,0.5396268327501863,0.5332886012605501,0.5016110684261726,0.4969366777139363,0.5220832974776619,0.4872165669922598,0.438408554632004,0.4509891996814227,0.4618601242584254,0.4551036870581869,0.4455067695559889
gamma_0.7,0.6298369715381396,0.5582285847145297,0.5568190076256208,0.5402474630693775,0.6143623002131404,0.5969950870596354,0.5573631547750827,0.5596661128046156,0.5396268327501863,0.5332886012605501,0.5016110684261726,0.4969366777139363,0.5220832974776619,0.4872165669922598,0.438408554632004,0.4509891996814227,0.4618601242584254,0.4551036870581869,0.4455067695559889
gamma_0.9,0.6298369715381396,0.5582285847145297,0.5568190076256208,0.5402474630693775,0.6143623002131404,0.5969950870596354,0.5573631547750827,0.5596661128046156,0.5396268327501863,0.5332886012605501,0.5016110684261726,0.4969366777139363,0.5220832974776619,0.4872165669922598,0.438408554632004,0.4509891996814227,0.4618601242584254,0.4551036870581869,0.4455067695559889
