,n_clusters,inertia
0,2,5.353550616032472
1,3,4.376014733212786
2,4,3.6890317175940712
3,5,3.5477913301095034
4,6,3.32526425860094
5,7,2.7013318759709546
6,8,2.4847544745079646
7,9,2.455966710415556
8,10,2.369604019328039
9,11,2.261018106540267
10,12,2.2519428619921573
11,13,2.042288787446233
12,14,1.9626087035024873
13,15,1.9192278369260602
14,16,1.819564224742659
15,17,1.6524929179280452
16,18,1.861073746594315
17,19,1.5938178297243775
18,20,1.6002989048550291
