,n_clusters,inertia
0,2,4.12175186457987
1,3,3.4678965132904085
2,4,2.99068256844994
3,5,2.551173010467013
4,6,2.449749257153885
5,7,2.159646349751543
6,8,2.117124052589683
7,9,1.9649974478288592
8,10,1.893258665448845
9,11,1.8179390821198642
10,12,1.6609399556066682
11,13,1.6079202465298015
12,14,1.5527383107846269
13,15,1.497184596917632
14,16,1.4478831220170574
15,17,1.3658633648066718
16,18,1.3360488884012427
17,19,1.3160891779375092
18,20,1.300289048190676
