,n_clusters,inertia
0,2,4.97206947882136
1,3,2.8574842953345834
2,4,1.878619311655367
3,5,1.3460487266552112
4,6,1.2018605806504927
5,7,1.031455989189193
6,8,0.9610848786151656
7,9,0.8931412083497215
8,10,0.8650724272517561
9,11,0.7094134253357063
10,12,0.678119622273226
11,13,0.6621075168941031
12,14,0.632683962997635
13,15,0.6275518877052946
14,16,0.623840060366796
15,17,0.5953079412260177
16,18,0.5753584961167734
17,19,0.5440052759061054
18,20,0.5158813672549923
